"id","movie_title","director_first_name","director_last_name","imdb_id","format","runtime_minutes","edition_number","number_of_views","genre","release_date"
"1","The Silence of the Lambs","Jonathan","Demme","tt0102926","VHS","172","3","473","Family","2009-03-20"
"2","The Prestige","Christopher","Nolan","tt0482571","Streaming","96","4","586","Musical","1968-08-11"
"3","The Lord of the Rings: The Return of the King","Peter","Jackson","tt0167260","VHS","181","4","400","Family","1980-06-09"
"4","The Avengers","Joss","Whedon","tt0848228","DVD","178","4","265","Thriller","1967-02-13"
"5","Schindler's List","Steven","Spielberg","tt0108052","Streaming","78","1","515","Musical","1998-08-16"
"6","Inception","Christopher","Nolan","tt1375666","DVD","97","3","152","Crime","2014-01-21"
"7","Pulp Fiction","Quentin","Tarantino","tt0110912","Streaming","173","1","767","Animation","2004-09-30"
"8","Gladiator","Ridley","Scott","tt0172495","DVD","133","1","433","Romance","1955-12-07"
"9","The Lord of the Rings: The Return of the King","Peter","Jackson","tt0167260","Blu-ray","236","4","344","Musical","1988-12-05"
"10","The Godfather","Francis Ford","Coppola","tt0068646","Digital Download","183","2","164","Sport","1989-01-17"
"11","Schindler's List","Steven","Spielberg","tt0108052","Streaming","75","2","954","Romance","2006-04-05"
"12","Gladiator","Ridley","Scott","tt0172495","Blu-ray","129","4","473","Animation","1961-01-11"
"13","Django Unchained","Quentin","Tarantino","tt1853728","DVD","123","2","651","Biography","1955-04-20"
"14","Goodfellas","Martin","Scorsese","tt0099685","Digital Download","154","4","488","War","1954-06-30"
"15","The Avengers","Joss","Whedon","tt0848228","DVD","107","4","848","Family","1999-01-30"
"16","The Lord of the Rings: The Return of the King","Peter","Jackson","tt0167260","VHS","233","5","128","History","2016-08-01"
"17","The Silence of the Lambs","Jonathan","Demme","tt0102926","Streaming","175","3","882","Musical","2022-05-18"
"18","The Matrix","Lana","Wachowski","tt0133093","VHS","171","3","198","Animation","2008-08-23"
"19","The Green Mile","Frank","Darabont","tt0120689","Digital Download","74","1","990","Horror","1974-03-18"
"20","Fight Club","David","Fincher","tt0137523","Streaming","235","2","70","Fantasy","1964-01-22"
"21","Forrest Gump","Robert","Zemeckis","tt0109830","VHS","141","4","127","Adventure","1997-07-22"
"22","Schindler's List","Steven","Spielberg","tt0108052","Blu-ray","107","5","912","Horror","2009-11-26"
"23","The Social Network","David","Fincher","tt1285016","DVD","237","1","362","Romance","2015-11-09"
"24","Django Unchained","Quentin","Tarantino","tt1853728","DVD","227","3","116","Fantasy","2015-12-01"
"25","Goodfellas","Martin","Scorsese","tt0099685","Blu-ray","120","4","475","Drama","2021-12-11"
"26","Forrest Gump","Robert","Zemeckis","tt0109830","Digital Download","112","1","758","History","1951-09-15"
"27","The Green Mile","Frank","Darabont","tt0120689","VHS","143","3","506","Comedy","2005-11-25"
"28","Inception","Christopher","Nolan","tt1375666","Streaming","90","5","949","Animation","2008-08-14"
"29","Pulp Fiction","Quentin","Tarantino","tt0110912","Blu-ray","169","2","750","Action","1999-02-04"
"30","Fight Club","David","Fincher","tt0137523","VHS","140","4","910","Family","1966-02-15"
"31","The Shawshank Redemption","Frank","Darabont","tt0111161","Digital Download","75","5","644","Sport","1960-02-08"
"32","Inglourious Basterds","Quentin","Tarantino","tt0361748","Streaming","222","3","560","Sport","1984-06-15"
"33","The Social Network","David","Fincher","tt1285016","Streaming","71","4","156","Thriller","1975-09-07"
"34","Fight Club","David","Fincher","tt0137523","VHS","72","1","172","Crime","1983-09-14"
"35","Pulp Fiction","Quentin","Tarantino","tt0110912","Digital Download","61","2","946","War","1986-03-22"
"36","The Dark Knight","Christopher","Nolan","tt0468569","VHS","136","1","901","Documentary","1964-11-12"
"37","The Lord of the Rings: The Return of the King","Peter","Jackson","tt0167260","DVD","169","3","595","Action","2022-11-14"
"38","Django Unchained","Quentin","Tarantino","tt1853728","VHS","184","5","145","Mystery","2017-12-19"
"39","Pulp Fiction","Quentin","Tarantino","tt0110912","DVD","220","1","81","Romance","2023-11-02"
"40","Schindler's List","Steven","Spielberg","tt0108052","Streaming","117","1","88","Mystery","2022-12-12"
"41","The Matrix","Lana","Wachowski","tt0133093","VHS","139","4","947","Adventure","2000-11-01"
"42","The Prestige","Christopher","Nolan","tt0482571","Digital Download","165","3","753","History","1955-06-23"
"43","The Lord of the Rings: The Return of the King","Peter","Jackson","tt0167260","Streaming","203","2","653","Horror","1986-04-25"
"44","The Dark Knight","Christopher","Nolan","tt0468569","Streaming","230","4","714","Fantasy","2023-10-30"
"45","Pulp Fiction","Quentin","Tarantino","tt0110912","Blu-ray","104","4","211","Adventure","1975-05-02"
"46","Forrest Gump","Robert","Zemeckis","tt0109830","DVD","170","2","402","Mystery","1956-01-10"
"47","The Avengers","Joss","Whedon","tt0848228","DVD","209","1","615","Adventure","1989-10-12"
"48","Gladiator","Ridley","Scott","tt0172495","Blu-ray","112","2","790","Romance","1951-03-04"
"49","The Godfather","Francis Ford","Coppola","tt0068646","Blu-ray","77","1","261","Comedy","1986-08-09"
"50","The Green Mile","Frank","Darabont","tt0120689","Digital Download","189","1","208","Animation","2018-05-22"
"51","Interstellar","Christopher","Nolan","tt0816692","DVD","63","5","339","Adventure","2010-08-30"
"52","The Silence of the Lambs","Jonathan","Demme","tt0102926","VHS","93","1","714","Thriller","1977-09-04"
"53","The Departed","Martin","Scorsese","tt0407887","Blu-ray","148","3","707","Fantasy","2020-03-24"
"54","The Social Network","David","Fincher","tt1285016","DVD","213","4","741","Musical","1976-12-21"
"55","The Green Mile","Frank","Darabont","tt0120689","Blu-ray","150","1","906","Sci-Fi","2005-07-09"
"56","The Departed","Martin","Scorsese","tt0407887","Streaming","148","1","429","Adventure","1983-06-06"
"57","The Shawshank Redemption","Frank","Darabont","tt0111161","VHS","100","2","388","Action","1970-12-16"
"58","Django Unchained","Quentin","Tarantino","tt1853728","Digital Download","67","2","864","Biography","1977-06-14"
"59","The Prestige","Christopher","Nolan","tt0482571","Streaming","146","2","224","Crime","1978-07-09"
"60","The Dark Knight","Christopher","Nolan","tt0468569","VHS","141","4","789","Family","1962-01-21"
"61","Gladiator","Ridley","Scott","tt0172495","Digital Download","216","2","898","Mystery","2004-03-01"
"62","Pulp Fiction","Quentin","Tarantino","tt0110912","DVD","202","4","355","Horror","1979-03-09"
"63","Interstellar","Christopher","Nolan","tt0816692","DVD","206","5","268","War","1965-06-03"
"64","The Lord of the Rings: The Return of the King","Peter","Jackson","tt0167260","Blu-ray","83","5","748","Family","1958-09-03"
"65","The Departed","Martin","Scorsese","tt0407887","Streaming","123","5","260","Sci-Fi","1980-02-25"
"66","Inglourious Basterds","Quentin","Tarantino","tt0361748","Digital Download","102","1","274","Biography","2003-12-30"
"67","Django Unchained","Quentin","Tarantino","tt1853728","Streaming","200","4","228","Romance","2012-01-09"
"68","The Social Network","David","Fincher","tt1285016","Digital Download","178","4","767","Adventure","1977-02-03"
"69","Schindler's List","Steven","Spielberg","tt0108052","Digital Download","95","2","639","Adventure","2009-10-31"
"70","The Lord of the Rings: The Return of the King","Peter","Jackson","tt0167260","DVD","220","2","420","Musical","2015-03-16"
"71","Inception","Christopher","Nolan","tt1375666","Blu-ray","95","2","825","Animation","1978-10-05"
"72","The Prestige","Christopher","Nolan","tt0482571","Digital Download","171","3","709","Thriller","2016-04-27"
"73","The Prestige","Christopher","Nolan","tt0482571","DVD","87","1","106","History","1993-08-24"
"74","Forrest Gump","Robert","Zemeckis","tt0109830","Digital Download","203","2","722","Romance","1986-06-03"
"75","Interstellar","Christopher","Nolan","tt0816692","Streaming","179","2","526","Western","1953-02-08"
"76","The Shawshank Redemption","Frank","Darabont","tt0111161","Streaming","162","3","706","War","2004-01-23"
"77","The Avengers","Joss","Whedon","tt0848228","DVD","89","2","773","Mystery","1980-11-03"
"78","The Social Network","David","Fincher","tt1285016","Streaming","122","2","735","History","1991-04-27"
"79","Schindler's List","Steven","Spielberg","tt0108052","Streaming","155","5","542","Adventure","2014-04-04"
"80","The Departed","Martin","Scorsese","tt0407887","Digital Download","132","1","1000","Western","1972-03-01"
"81","Inglourious Basterds","Quentin","Tarantino","tt0361748","Streaming","198","5","436","Drama","1996-11-06"
"82","The Green Mile","Frank","Darabont","tt0120689","VHS","229","4","166","History","1987-05-25"
"83","The Godfather","Francis Ford","Coppola","tt0068646","DVD","152","2","645","Musical","1990-03-20"
"84","The Lord of the Rings: The Return of the King","Peter","Jackson","tt0167260","Streaming","219","5","359","Crime","2018-05-29"
"85","Schindler's List","Steven","Spielberg","tt0108052","VHS","128","2","271","Fantasy","1999-10-08"
"86","The Social Network","David","Fincher","tt1285016","Streaming","199","3","133","Drama","2012-02-14"
"87","The Green Mile","Frank","Darabont","tt0120689","Blu-ray","157","5","432","War","1963-10-21"
"88","The Avengers","Joss","Whedon","tt0848228","Digital Download","117","3","856","Adventure","1983-03-24"
"89","Fight Club","David","Fincher","tt0137523","DVD","207","1","667","Biography","1975-03-15"
"90","Schindler's List","Steven","Spielberg","tt0108052","DVD","89","5","823","Mystery","2020-01-15"
"91","Gladiator","Ridley","Scott","tt0172495","Streaming","230","5","796","Horror","1971-07-27"
"92","Gladiator","Ridley","Scott","tt0172495","DVD","101","2","141","Sci-Fi","1977-11-23"
"93","Django Unchained","Quentin","Tarantino","tt1853728","Digital Download","154","4","563","Biography","1988-02-25"
"94","Goodfellas","Martin","Scorsese","tt0099685","DVD","232","5","247","Fantasy","2014-05-07"
"95","Inception","Christopher","Nolan","tt1375666","Digital Download","116","1","365","Documentary","1952-01-29"
"96","The Lord of the Rings: The Return of the King","Peter","Jackson","tt0167260","DVD","90","1","458","Sport","1958-04-12"
"97","Pulp Fiction","Quentin","Tarantino","tt0110912","DVD","233","2","579","Fantasy","2007-01-12"
"98","Pulp Fiction","Quentin","Tarantino","tt0110912","Streaming","231","5","520","Mystery","1996-11-18"
"99","Gladiator","Ridley","Scott","tt0172495","Blu-ray","90","3","913","Adventure","2010-05-16"
"100","The Lord of the Rings: The Return of the King","Peter","Jackson","tt0167260","DVD","60","2","498","Fantasy","2015-07-12"
"101","Inception","Christopher","Nolan","tt1375666","Streaming","208","3","616","Musical","1954-02-25"
"102","Gladiator","Ridley","Scott","tt0172495","Streaming","126","2","610","Adventure","2019-02-21"
"103","The Prestige","Christopher","Nolan","tt0482571","DVD","222","4","426","Fantasy","2013-10-27"
"104","Inglourious Basterds","Quentin","Tarantino","tt0361748","VHS","77","2","586","Thriller","1982-06-07"
"105","Django Unchained","Quentin","Tarantino","tt1853728","Digital Download","188","5","966","Mystery","1960-09-14"
"106","The Departed","Martin","Scorsese","tt0407887","Digital Download","65","5","417","Romance","1967-03-20"
"107","Django Unchained","Quentin","Tarantino","tt1853728","Streaming","119","4","430","Adventure","2013-02-13"
"108","Fight Club","David","Fincher","tt0137523","Streaming","113","5","526","Crime","1979-07-13"
"109","The Matrix","Lana","Wachowski","tt0133093","Streaming","148","1","501","Comedy","1968-03-14"
"110","Gladiator","Ridley","Scott","tt0172495","Streaming","187","4","519","Thriller","1968-05-23"
"111","Schindler's List","Steven","Spielberg","tt0108052","VHS","149","4","933","Biography","1991-04-25"
"112","Interstellar","Christopher","Nolan","tt0816692","Digital Download","231","4","51","Horror","1984-08-21"
"113","The Silence of the Lambs","Jonathan","Demme","tt0102926","Streaming","239","3","622","Horror","1969-05-13"
"114","The Green Mile","Frank","Darabont","tt0120689","VHS","69","1","929","Fantasy","1968-08-03"
"115","Fight Club","David","Fincher","tt0137523","Blu-ray","178","1","348","Sci-Fi","1984-10-30"
"116","The Green Mile","Frank","Darabont","tt0120689","Digital Download","236","2","104","Action","1971-08-12"
"117","The Matrix","Lana","Wachowski","tt0133093","Blu-ray","218","2","910","Family","2004-07-10"
"118","Forrest Gump","Robert","Zemeckis","tt0109830","Streaming","184","5","886","Musical","1950-04-23"
"119","Goodfellas","Martin","Scorsese","tt0099685","DVD","65","2","631","Family","2017-04-09"
"120","The Godfather","Francis Ford","Coppola","tt0068646","Digital Download","92","4","104","Drama","1994-10-04"
"121","The Avengers","Joss","Whedon","tt0848228","Blu-ray","130","3","213","Fantasy","1968-10-04"
"122","The Green Mile","Frank","Darabont","tt0120689","Streaming","106","4","873","Drama","1967-06-17"
"123","Interstellar","Christopher","Nolan","tt0816692","Blu-ray","229","3","908","Drama","1991-06-26"
"124","The Social Network","David","Fincher","tt1285016","Blu-ray","145","4","508","Family","1986-07-21"
"125","Django Unchained","Quentin","Tarantino","tt1853728","Blu-ray","181","4","255","Sport","1994-03-12"
"126","The Departed","Martin","Scorsese","tt0407887","Blu-ray","92","5","177","Adventure","1993-10-09"
"127","Interstellar","Christopher","Nolan","tt0816692","Blu-ray","127","3","282","Adventure","2004-11-11"
"128","The Avengers","Joss","Whedon","tt0848228","Digital Download","112","4","142","Comedy","1957-08-11"
"129","The Silence of the Lambs","Jonathan","Demme","tt0102926","Digital Download","234","2","548","Comedy","2018-12-04"
"130","The Godfather","Francis Ford","Coppola","tt0068646","DVD","131","5","257","Family","1973-01-05"
"131","The Green Mile","Frank","Darabont","tt0120689","Blu-ray","88","5","773","Mystery","1993-10-22"
"132","The Matrix","Lana","Wachowski","tt0133093","Blu-ray","149","4","861","Mystery","2015-04-05"
"133","Gladiator","Ridley","Scott","tt0172495","VHS","196","5","448","Adventure","1995-10-07"
"134","The Avengers","Joss","Whedon","tt0848228","Digital Download","169","5","360","Animation","1950-09-11"
"135","The Departed","Martin","Scorsese","tt0407887","DVD","221","3","784","Action","2014-11-01"
"136","Fight Club","David","Fincher","tt0137523","Streaming","122","3","857","Comedy","1955-05-12"
"137","The Avengers","Joss","Whedon","tt0848228","Streaming","207","2","555","Family","2001-02-02"
"138","The Lord of the Rings: The Return of the King","Peter","Jackson","tt0167260","VHS","169","3","990","War","1971-03-02"
"139","The Green Mile","Frank","Darabont","tt0120689","VHS","79","3","638","Action","1957-09-25"
"140","The Green Mile","Frank","Darabont","tt0120689","Blu-ray","68","4","151","Horror","2022-01-23"
"141","The Shawshank Redemption","Frank","Darabont","tt0111161","DVD","86","2","740","History","1993-08-02"
"142","The Prestige","Christopher","Nolan","tt0482571","Blu-ray","237","3","939","Crime","1984-10-10"
"143","Django Unchained","Quentin","Tarantino","tt1853728","Blu-ray","207","3","667","Comedy","1956-05-10"
"144","The Lord of the Rings: The Return of the King","Peter","Jackson","tt0167260","Blu-ray","93","1","884","Sport","2016-04-01"
"145","The Departed","Martin","Scorsese","tt0407887","DVD","236","4","366","Action","2023-11-09"
"146","Interstellar","Christopher","Nolan","tt0816692","VHS","195","3","540","Horror","1954-03-10"
"147","The Dark Knight","Christopher","Nolan","tt0468569","Streaming","227","2","711","Family","1980-08-01"
"148","The Shawshank Redemption","Frank","Darabont","tt0111161","Digital Download","75","3","167","Crime","2015-09-22"
"149","Django Unchained","Quentin","Tarantino","tt1853728","Streaming","133","4","458","Fantasy","1968-03-07"
"150","Fight Club","David","Fincher","tt0137523","VHS","184","5","658","War","2023-11-25"
"151","Goodfellas","Martin","Scorsese","tt0099685","DVD","179","5","261","History","2002-12-03"
"152","Django Unchained","Quentin","Tarantino","tt1853728","VHS","119","2","230","Sci-Fi","1993-12-13"
"153","Gladiator","Ridley","Scott","tt0172495","DVD","235","5","285","Thriller","1953-04-08"
"154","Forrest Gump","Robert","Zemeckis","tt0109830","Digital Download","121","4","854","Family","2011-03-08"
"155","The Avengers","Joss","Whedon","tt0848228","DVD","166","5","998","Fantasy","2023-12-26"
"156","The Godfather","Francis Ford","Coppola","tt0068646","VHS","116","5","147","Mystery","2005-08-18"
"157","The Green Mile","Frank","Darabont","tt0120689","VHS","65","5","118","Crime","1990-03-26"
"158","Goodfellas","Martin","Scorsese","tt0099685","Streaming","153","2","251","Thriller","1981-06-15"
"159","The Departed","Martin","Scorsese","tt0407887","Blu-ray","110","2","433","Romance","1971-09-07"
"160","The Avengers","Joss","Whedon","tt0848228","Blu-ray","114","4","884","History","1998-08-20"
"161","Interstellar","Christopher","Nolan","tt0816692","Streaming","104","2","917","Mystery","1984-07-20"
"162","The Dark Knight","Christopher","Nolan","tt0468569","DVD","110","5","579","Crime","1981-09-09"
"163","Interstellar","Christopher","Nolan","tt0816692","Streaming","182","2","532","Comedy","1979-05-07"
"164","The Prestige","Christopher","Nolan","tt0482571","Blu-ray","61","4","485","Western","1966-10-06"
"165","Django Unchained","Quentin","Tarantino","tt1853728","VHS","230","3","77","Family","2009-02-10"
"166","The Prestige","Christopher","Nolan","tt0482571","DVD","105","2","558","Animation","2010-08-11"
"167","The Green Mile","Frank","Darabont","tt0120689","Blu-ray","139","5","556","Fantasy","1985-12-07"
"168","The Shawshank Redemption","Frank","Darabont","tt0111161","VHS","211","5","898","Adventure","1960-12-15"
"169","The Silence of the Lambs","Jonathan","Demme","tt0102926","DVD","124","3","601","Adventure","1969-10-19"
"170","Fight Club","David","Fincher","tt0137523","DVD","130","1","64","Action","2005-01-17"
"171","The Social Network","David","Fincher","tt1285016","Blu-ray","170","3","869","History","1973-06-21"
"172","Forrest Gump","Robert","Zemeckis","tt0109830","DVD","155","3","446","Adventure","1965-05-04"
"173","Forrest Gump","Robert","Zemeckis","tt0109830","Streaming","163","2","308","Fantasy","1951-10-15"
"174","The Dark Knight","Christopher","Nolan","tt0468569","Digital Download","111","4","911","Romance","2021-02-07"
"175","The Green Mile","Frank","Darabont","tt0120689","VHS","212","3","753","Fantasy","1970-03-12"
"176","Forrest Gump","Robert","Zemeckis","tt0109830","Digital Download","185","5","681","Horror","2015-05-31"
"177","Inglourious Basterds","Quentin","Tarantino","tt0361748","Digital Download","226","2","869","Crime","2013-10-09"
"178","The Green Mile","Frank","Darabont","tt0120689","VHS","178","3","232","Crime","1973-04-26"
"179","Schindler's List","Steven","Spielberg","tt0108052","Digital Download","187","3","228","Romance","1991-10-19"
"180","The Matrix","Lana","Wachowski","tt0133093","DVD","72","1","669","Mystery","1972-07-09"
"181","The Social Network","David","Fincher","tt1285016","Streaming","64","4","610","Action","2014-09-23"
"182","Interstellar","Christopher","Nolan","tt0816692","Streaming","89","5","271","Musical","2012-05-08"
"183","The Lord of the Rings: The Return of the King","Peter","Jackson","tt0167260","Digital Download","73","1","410","Horror","1986-09-21"
"184","Forrest Gump","Robert","Zemeckis","tt0109830","VHS","103","3","213","Western","2008-05-25"
"185","Goodfellas","Martin","Scorsese","tt0099685","VHS","198","5","243","Sci-Fi","1953-02-21"
"186","The Prestige","Christopher","Nolan","tt0482571","VHS","125","1","992","Drama","1990-12-26"
"187","The Prestige","Christopher","Nolan","tt0482571","Digital Download","86","3","885","Romance","1965-08-09"
"188","The Shawshank Redemption","Frank","Darabont","tt0111161","Blu-ray","66","1","690","Animation","1969-09-21"
"189","The Green Mile","Frank","Darabont","tt0120689","Streaming","130","1","899","Mystery","2007-08-22"
"190","The Avengers","Joss","Whedon","tt0848228","Streaming","156","2","79","Action","2003-02-22"
"191","Forrest Gump","Robert","Zemeckis","tt0109830","DVD","91","1","150","Romance","1977-11-03"
"192","Inglourious Basterds","Quentin","Tarantino","tt0361748","VHS","119","1","925","Horror","1957-04-04"
"193","Pulp Fiction","Quentin","Tarantino","tt0110912","Digital Download","177","1","58","Comedy","1963-07-28"
"194","The Dark Knight","Christopher","Nolan","tt0468569","Blu-ray","229","4","441","Thriller","1950-06-22"
"195","Forrest Gump","Robert","Zemeckis","tt0109830","VHS","171","5","362","Crime","1958-06-10"
"196","Fight Club","David","Fincher","tt0137523","Blu-ray","67","5","441","Adventure","1957-09-19"
"197","Interstellar","Christopher","Nolan","tt0816692","DVD","235","1","985","Musical","1972-09-24"
"198","The Prestige","Christopher","Nolan","tt0482571","VHS","113","4","360","History","2013-04-18"
"199","Inception","Christopher","Nolan","tt1375666","Blu-ray","213","1","288","Western","1993-06-23"
"200","Goodfellas","Martin","Scorsese","tt0099685","Blu-ray","84","3","606","Western","1954-10-28"
"201","The Green Mile","Frank","Darabont","tt0120689","VHS","116","2","745","History","1973-07-12"
"202","Pulp Fiction","Quentin","Tarantino","tt0110912","Digital Download","187","4","410","History","2003-04-11"
"203","Interstellar","Christopher","Nolan","tt0816692","DVD","126","5","204","Horror","1992-02-17"
"204","The Godfather","Francis Ford","Coppola","tt0068646","VHS","231","1","98","Crime","1974-09-18"
"205","Schindler's List","Steven","Spielberg","tt0108052","Blu-ray","222","2","834","History","2004-06-25"
"206","Inglourious Basterds","Quentin","Tarantino","tt0361748","Digital Download","205","2","97","Fantasy","1992-06-15"
"207","Schindler's List","Steven","Spielberg","tt0108052","Digital Download","142","4","456","Animation","1992-05-01"
"208","The Avengers","Joss","Whedon","tt0848228","DVD","99","1","365","Romance","1969-07-26"
"209","Goodfellas","Martin","Scorsese","tt0099685","Streaming","82","5","674","Romance","1973-04-04"
"210","Schindler's List","Steven","Spielberg","tt0108052","Digital Download","212","5","284","Crime","1953-04-21"
"211","The Avengers","Joss","Whedon","tt0848228","Streaming","181","4","377","Family","2004-03-21"
"212","The Green Mile","Frank","Darabont","tt0120689","Streaming","178","3","345","History","2002-09-13"
"213","Inception","Christopher","Nolan","tt1375666","Streaming","160","5","411","Crime","1964-02-01"
"214","The Matrix","Lana","Wachowski","tt0133093","VHS","88","1","158","Adventure","1959-09-20"
"215","The Green Mile","Frank","Darabont","tt0120689","Digital Download","73","4","534","Musical","1994-09-05"
"216","The Shawshank Redemption","Frank","Darabont","tt0111161","VHS","62","3","343","War","1988-04-05"
"217","Pulp Fiction","Quentin","Tarantino","tt0110912","DVD","198","5","640","Animation","1962-06-11"
"218","Forrest Gump","Robert","Zemeckis","tt0109830","Streaming","113","5","303","Thriller","2010-02-02"
"219","The Silence of the Lambs","Jonathan","Demme","tt0102926","Blu-ray","158","4","779","Comedy","1993-07-12"
"220","The Godfather","Francis Ford","Coppola","tt0068646","Streaming","68","1","639","Drama","1966-03-01"
"221","The Godfather","Francis Ford","Coppola","tt0068646","Digital Download","192","1","450","Thriller","2004-09-20"
"222","Schindler's List","Steven","Spielberg","tt0108052","Digital Download","121","4","423","Western","2004-08-02"
"223","The Godfather","Francis Ford","Coppola","tt0068646","Digital Download","61","5","923","Comedy","1996-12-27"
"224","Goodfellas","Martin","Scorsese","tt0099685","Digital Download","172","1","615","Documentary","1997-04-28"
"225","Interstellar","Christopher","Nolan","tt0816692","Blu-ray","138","1","933","Western","2012-01-16"
"226","Gladiator","Ridley","Scott","tt0172495","Blu-ray","180","2","877","Western","1977-01-15"
"227","The Prestige","Christopher","Nolan","tt0482571","Blu-ray","239","5","592","Romance","2015-04-03"
"228","The Godfather","Francis Ford","Coppola","tt0068646","VHS","86","1","694","Thriller","1969-02-11"
"229","Fight Club","David","Fincher","tt0137523","VHS","213","3","890","Thriller","1993-10-02"
"230","Gladiator","Ridley","Scott","tt0172495","DVD","134","1","167","Sci-Fi","2008-01-16"
"231","The Silence of the Lambs","Jonathan","Demme","tt0102926","Blu-ray","213","4","487","Sport","2014-10-16"
"232","The Social Network","David","Fincher","tt1285016","Blu-ray","170","4","469","Drama","1973-06-26"
"233","Django Unchained","Quentin","Tarantino","tt1853728","DVD","117","1","328","Crime","1991-06-13"
"234","Gladiator","Ridley","Scott","tt0172495","Blu-ray","92","1","399","History","1993-10-13"
"235","Pulp Fiction","Quentin","Tarantino","tt0110912","DVD","69","2","139","Fantasy","2016-06-12"
"236","The Prestige","Christopher","Nolan","tt0482571","VHS","151","5","812","Fantasy","2019-05-07"
"237","Gladiator","Ridley","Scott","tt0172495","DVD","213","4","317","Sport","1965-08-31"
"238","Django Unchained","Quentin","Tarantino","tt1853728","VHS","60","2","853","Action","1965-05-20"
"239","Interstellar","Christopher","Nolan","tt0816692","DVD","136","5","339","Musical","2022-10-23"
"240","The Dark Knight","Christopher","Nolan","tt0468569","Streaming","236","5","386","War","2023-07-14"
"241","The Matrix","Lana","Wachowski","tt0133093","VHS","92","1","62","Drama","1964-12-11"
"242","The Green Mile","Frank","Darabont","tt0120689","DVD","240","4","227","Western","2009-06-25"
"243","The Prestige","Christopher","Nolan","tt0482571","Streaming","119","2","959","Comedy","2017-08-07"
"244","The Prestige","Christopher","Nolan","tt0482571","Digital Download","109","2","152","History","1986-10-23"
"245","The Lord of the Rings: The Return of the King","Peter","Jackson","tt0167260","Digital Download","174","5","473","Drama","2011-12-31"
"246","Inception","Christopher","Nolan","tt1375666","VHS","64","4","865","Family","1985-10-03"
"247","The Prestige","Christopher","Nolan","tt0482571","Blu-ray","79","2","517","Crime","1997-04-08"
"248","The Green Mile","Frank","Darabont","tt0120689","Digital Download","110","5","68","Adventure","2000-05-18"
"249","Interstellar","Christopher","Nolan","tt0816692","DVD","117","2","476","Biography","1967-11-12"
"250","Inglourious Basterds","Quentin","Tarantino","tt0361748","Digital Download","164","4","991","Fantasy","1972-08-04"
"251","The Shawshank Redemption","Frank","Darabont","tt0111161","Digital Download","102","3","367","Crime","2017-11-22"
"252","The Avengers","Joss","Whedon","tt0848228","Streaming","176","2","892","Crime","2009-01-31"
"253","Django Unchained","Quentin","Tarantino","tt1853728","Digital Download","132","3","659","Comedy","2010-10-30"
"254","Gladiator","Ridley","Scott","tt0172495","Streaming","143","5","396","Romance","1965-07-03"
"255","Inglourious Basterds","Quentin","Tarantino","tt0361748","Digital Download","223","3","810","Adventure","2007-05-31"
"256","Interstellar","Christopher","Nolan","tt0816692","Streaming","106","2","347","History","2011-12-22"
"257","The Dark Knight","Christopher","Nolan","tt0468569","VHS","209","4","882","Sci-Fi","2023-01-20"
"258","Inception","Christopher","Nolan","tt1375666","Blu-ray","239","4","683","Romance","1976-09-30"
"259","Interstellar","Christopher","Nolan","tt0816692","VHS","152","2","62","Romance","1968-11-16"
"260","Inception","Christopher","Nolan","tt1375666","VHS","203","2","444","Drama","2020-05-10"
"261","Inglourious Basterds","Quentin","Tarantino","tt0361748","Digital Download","234","1","964","Mystery","2013-03-18"
"262","The Godfather","Francis Ford","Coppola","tt0068646","DVD","91","3","561","Adventure","1959-12-08"
"263","Forrest Gump","Robert","Zemeckis","tt0109830","DVD","130","3","157","Adventure","1995-08-20"
"264","The Green Mile","Frank","Darabont","tt0120689","Blu-ray","172","2","988","Biography","1982-03-01"
"265","The Prestige","Christopher","Nolan","tt0482571","Blu-ray","154","1","655","Fantasy","2021-01-29"
"266","The Shawshank Redemption","Frank","Darabont","tt0111161","Digital Download","80","3","665","Family","1970-06-09"
"267","Gladiator","Ridley","Scott","tt0172495","DVD","209","2","244","Musical","1958-02-09"
"268","The Godfather","Francis Ford","Coppola","tt0068646","DVD","146","2","126","Comedy","1999-05-21"
"269","The Green Mile","Frank","Darabont","tt0120689","Streaming","182","2","350","Drama","1989-06-17"
"270","Inception","Christopher","Nolan","tt1375666","DVD","88","1","55","Crime","1990-10-20"
"271","Schindler's List","Steven","Spielberg","tt0108052","Blu-ray","220","4","628","Romance","1984-09-05"
"272","Schindler's List","Steven","Spielberg","tt0108052","VHS","167","2","290","Fantasy","1954-12-09"
"273","The Silence of the Lambs","Jonathan","Demme","tt0102926","VHS","192","3","992","Animation","2010-05-13"
"274","Interstellar","Christopher","Nolan","tt0816692","VHS","70","3","827","Mystery","1992-04-22"
"275","Interstellar","Christopher","Nolan","tt0816692","VHS","204","4","673","War","1954-06-11"
"276","Inglourious Basterds","Quentin","Tarantino","tt0361748","VHS","115","4","65","Western","1965-01-08"
"277","Interstellar","Christopher","Nolan","tt0816692","VHS","135","4","982","Action","1972-03-29"
"278","Schindler's List","Steven","Spielberg","tt0108052","Blu-ray","197","2","655","Comedy","2022-02-06"
"279","The Lord of the Rings: The Return of the King","Peter","Jackson","tt0167260","DVD","215","5","660","Mystery","1990-11-26"
"280","Django Unchained","Quentin","Tarantino","tt1853728","Digital Download","62","4","864","Sport","2002-07-09"
"281","The Matrix","Lana","Wachowski","tt0133093","VHS","122","1","271","Comedy","2001-02-13"
"282","The Dark Knight","Christopher","Nolan","tt0468569","VHS","160","2","515","Mystery","1965-07-03"
"283","The Matrix","Lana","Wachowski","tt0133093","DVD","82","2","860","Horror","1953-12-28"
"284","The Departed","Martin","Scorsese","tt0407887","Blu-ray","183","4","451","War","1956-02-21"
"285","Interstellar","Christopher","Nolan","tt0816692","VHS","215","2","822","Action","1957-09-05"
"286","Inception","Christopher","Nolan","tt1375666","Blu-ray","123","2","209","Horror","1962-10-13"
"287","Django Unchained","Quentin","Tarantino","tt1853728","Blu-ray","98","5","492","Western","2017-04-06"
"288","The Social Network","David","Fincher","tt1285016","Blu-ray","143","2","303","Comedy","2022-01-21"
"289","The Lord of the Rings: The Return of the King","Peter","Jackson","tt0167260","Streaming","196","4","662","Fantasy","1951-07-29"
"290","Schindler's List","Steven","Spielberg","tt0108052","Blu-ray","77","1","861","Sci-Fi","2004-11-12"
"291","The Prestige","Christopher","Nolan","tt0482571","VHS","230","2","806","War","1950-05-30"
"292","Inglourious Basterds","Quentin","Tarantino","tt0361748","Streaming","189","3","491","Mystery","1991-02-14"
"293","The Dark Knight","Christopher","Nolan","tt0468569","DVD","159","5","809","Mystery","2022-07-21"
"294","Forrest Gump","Robert","Zemeckis","tt0109830","Blu-ray","158","1","695","Fantasy","1968-02-12"
"295","The Social Network","David","Fincher","tt1285016","Streaming","70","3","479","Romance","2012-06-12"
"296","The Lord of the Rings: The Return of the King","Peter","Jackson","tt0167260","DVD","174","5","674","Crime","2006-07-30"
"297","Fight Club","David","Fincher","tt0137523","Digital Download","149","2","730","Fantasy","1980-08-12"
"298","Interstellar","Christopher","Nolan","tt0816692","Streaming","123","4","500","Western","2016-02-26"
"299","Schindler's List","Steven","Spielberg","tt0108052","Digital Download","238","4","879","War","2014-08-19"
"300","Interstellar","Christopher","Nolan","tt0816692","VHS","205","1","309","Biography","1975-10-11"
"301","Schindler's List","Steven","Spielberg","tt0108052","VHS","124","5","408","Drama","1993-11-11"
"302","Interstellar","Christopher","Nolan","tt0816692","Streaming","232","3","934","Western","1966-10-12"
"303","The Godfather","Francis Ford","Coppola","tt0068646","VHS","213","5","714","Animation","1982-04-13"
"304","The Godfather","Francis Ford","Coppola","tt0068646","Blu-ray","126","3","820","Sport","1993-02-12"
"305","Gladiator","Ridley","Scott","tt0172495","DVD","165","5","95","Mystery","2000-11-13"
"306","Goodfellas","Martin","Scorsese","tt0099685","DVD","213","1","502","Biography","2016-12-21"
"307","Pulp Fiction","Quentin","Tarantino","tt0110912","Digital Download","192","2","839","Romance","1975-10-03"
"308","Django Unchained","Quentin","Tarantino","tt1853728","VHS","230","5","983","Drama","2010-09-20"
"309","The Social Network","David","Fincher","tt1285016","DVD","171","5","225","History","2000-03-21"
"310","The Lord of the Rings: The Return of the King","Peter","Jackson","tt0167260","VHS","87","1","387","Romance","1950-02-27"
"311","Forrest Gump","Robert","Zemeckis","tt0109830","Digital Download","117","4","58","Sci-Fi","1958-02-23"
"312","The Shawshank Redemption","Frank","Darabont","tt0111161","Streaming","206","3","305","Action","2006-06-05"
"313","Schindler's List","Steven","Spielberg","tt0108052","VHS","233","4","444","Adventure","1986-12-26"
"314","Schindler's List","Steven","Spielberg","tt0108052","Blu-ray","115","4","353","Horror","2021-05-25"
"315","Forrest Gump","Robert","Zemeckis","tt0109830","Streaming","89","3","596","Horror","2011-03-12"
"316","The Dark Knight","Christopher","Nolan","tt0468569","Streaming","119","2","859","Crime","1988-12-09"
"317","Interstellar","Christopher","Nolan","tt0816692","VHS","127","1","801","History","2020-02-07"
"318","The Matrix","Lana","Wachowski","tt0133093","Blu-ray","91","4","359","Comedy","1961-07-04"
"319","Forrest Gump","Robert","Zemeckis","tt0109830","Digital Download","122","1","964","Comedy","1971-05-20"
"320","Gladiator","Ridley","Scott","tt0172495","Streaming","123","2","601","History","1981-09-24"
"321","Inception","Christopher","Nolan","tt1375666","VHS","77","2","666","Horror","2010-10-13"
"322","The Shawshank Redemption","Frank","Darabont","tt0111161","VHS","189","3","88","Action","1989-07-05"
"323","Inception","Christopher","Nolan","tt1375666","VHS","121","1","366","Fantasy","1974-04-17"
"324","The Avengers","Joss","Whedon","tt0848228","Digital Download","211","2","343","Sci-Fi","2015-10-26"
"325","The Prestige","Christopher","Nolan","tt0482571","VHS","135","2","440","Family","1962-09-01"
"326","The Prestige","Christopher","Nolan","tt0482571","Digital Download","63","3","960","Animation","2009-06-20"
"327","The Prestige","Christopher","Nolan","tt0482571","VHS","217","1","765","War","1970-10-06"
"328","Inglourious Basterds","Quentin","Tarantino","tt0361748","Blu-ray","116","4","168","Horror","1985-11-24"
"329","The Godfather","Francis Ford","Coppola","tt0068646","Digital Download","74","1","80","Western","1990-04-21"
"330","Pulp Fiction","Quentin","Tarantino","tt0110912","Digital Download","119","4","62","Romance","1952-09-01"
"331","The Shawshank Redemption","Frank","Darabont","tt0111161","DVD","164","2","315","Action","2001-08-23"
"332","The Lord of the Rings: The Return of the King","Peter","Jackson","tt0167260","Digital Download","133","4","759","Sci-Fi","1964-11-26"
"333","Goodfellas","Martin","Scorsese","tt0099685","Blu-ray","182","5","579","Animation","2013-02-22"
"334","The Prestige","Christopher","Nolan","tt0482571","Blu-ray","154","2","783","Family","1959-09-12"
"335","The Avengers","Joss","Whedon","tt0848228","Digital Download","233","5","111","Comedy","2019-08-09"
"336","The Avengers","Joss","Whedon","tt0848228","DVD","189","2","489","War","1996-10-25"
"337","The Prestige","Christopher","Nolan","tt0482571","Digital Download","161","5","527","Drama","1953-02-14"
"338","The Prestige","Christopher","Nolan","tt0482571","Streaming","113","4","741","Mystery","1954-12-13"
"339","Forrest Gump","Robert","Zemeckis","tt0109830","VHS","68","4","138","Musical","2013-05-23"
"340","Inception","Christopher","Nolan","tt1375666","Streaming","208","1","741","Thriller","1982-03-22"
"341","The Avengers","Joss","Whedon","tt0848228","Digital Download","203","5","816","Musical","1973-06-07"
"342","Fight Club","David","Fincher","tt0137523","Blu-ray","81","2","599","Horror","1960-05-24"
"343","Inglourious Basterds","Quentin","Tarantino","tt0361748","DVD","208","3","225","Mystery","1955-04-19"
"344","Django Unchained","Quentin","Tarantino","tt1853728","DVD","192","2","535","Horror","1985-04-25"
"345","The Godfather","Francis Ford","Coppola","tt0068646","Blu-ray","139","3","74","Thriller","2018-08-02"
"346","Schindler's List","Steven","Spielberg","tt0108052","Blu-ray","108","1","773","Family","2004-11-11"
"347","Goodfellas","Martin","Scorsese","tt0099685","Digital Download","90","2","983","War","1983-07-23"
"348","Django Unchained","Quentin","Tarantino","tt1853728","Streaming","183","5","895","Horror","1961-02-23"
"349","The Avengers","Joss","Whedon","tt0848228","Blu-ray","172","1","681","Family","1993-08-25"
"350","The Prestige","Christopher","Nolan","tt0482571","DVD","77","5","327","Crime","1971-10-30"
"351","The Godfather","Francis Ford","Coppola","tt0068646","Blu-ray","68","3","541","Sci-Fi","1997-05-28"
"352","Inglourious Basterds","Quentin","Tarantino","tt0361748","DVD","170","5","633","Action","2015-05-01"
"353","Pulp Fiction","Quentin","Tarantino","tt0110912","DVD","136","5","175","Drama","1971-02-11"
"354","Pulp Fiction","Quentin","Tarantino","tt0110912","Streaming","68","4","407","Fantasy","2003-06-19"
"355","Goodfellas","Martin","Scorsese","tt0099685","Digital Download","191","2","125","War","1986-08-02"
"356","Inception","Christopher","Nolan","tt1375666","Blu-ray","180","4","735","History","1978-09-04"
"357","The Green Mile","Frank","Darabont","tt0120689","Digital Download","158","4","494","Drama","2003-01-03"
"358","The Departed","Martin","Scorsese","tt0407887","Blu-ray","164","3","160","Musical","1959-08-25"
"359","The Avengers","Joss","Whedon","tt0848228","Streaming","115","1","631","Action","1994-09-18"
"360","The Godfather","Francis Ford","Coppola","tt0068646","Blu-ray","158","2","529","Mystery","1958-05-31"
"361","The Godfather","Francis Ford","Coppola","tt0068646","Digital Download","185","1","518","War","1995-12-20"
"362","The Lord of the Rings: The Return of the King","Peter","Jackson","tt0167260","DVD","78","5","132","Crime","1961-07-12"
"363","The Silence of the Lambs","Jonathan","Demme","tt0102926","VHS","160","3","920","Crime","2007-02-07"
"364","Django Unchained","Quentin","Tarantino","tt1853728","VHS","214","3","135","Romance","1958-09-25"
"365","The Lord of the Rings: The Return of the King","Peter","Jackson","tt0167260","Digital Download","206","2","372","Sport","2023-09-23"
"366","The Lord of the Rings: The Return of the King","Peter","Jackson","tt0167260","Blu-ray","165","2","282","Fantasy","1991-09-21"
"367","Forrest Gump","Robert","Zemeckis","tt0109830","VHS","122","2","686","Mystery","1963-12-16"
"368","The Silence of the Lambs","Jonathan","Demme","tt0102926","Blu-ray","72","1","76","Romance","1969-09-08"
"369","Fight Club","David","Fincher","tt0137523","Blu-ray","133","1","286","Adventure","2022-02-05"
"370","Schindler's List","Steven","Spielberg","tt0108052","Digital Download","184","5","267","Romance","2018-03-07"
"371","The Shawshank Redemption","Frank","Darabont","tt0111161","VHS","185","4","122","Thriller","1973-10-25"
"372","The Lord of the Rings: The Return of the King","Peter","Jackson","tt0167260","DVD","187","5","581","Mystery","1955-12-14"
"373","The Matrix","Lana","Wachowski","tt0133093","Blu-ray","202","4","284","Action","1959-09-04"
"374","Django Unchained","Quentin","Tarantino","tt1853728","Blu-ray","81","5","964","History","1988-05-26"
"375","Django Unchained","Quentin","Tarantino","tt1853728","Blu-ray","230","4","968","Documentary","1950-11-28"
"376","The Departed","Martin","Scorsese","tt0407887","Streaming","230","1","465","Sport","2013-06-03"
"377","The Avengers","Joss","Whedon","tt0848228","Blu-ray","203","4","135","Adventure","1988-03-22"
"378","Forrest Gump","Robert","Zemeckis","tt0109830","Blu-ray","118","2","778","Biography","1971-11-21"
"379","The Matrix","Lana","Wachowski","tt0133093","VHS","158","2","264","Western","1979-03-05"
"380","Interstellar","Christopher","Nolan","tt0816692","Blu-ray","99","1","427","History","1962-01-06"
"381","Django Unchained","Quentin","Tarantino","tt1853728","DVD","230","5","909","Crime","1952-04-18"
"382","The Dark Knight","Christopher","Nolan","tt0468569","Blu-ray","212","4","355","Musical","1960-09-11"
"383","The Shawshank Redemption","Frank","Darabont","tt0111161","Digital Download","177","2","176","Sport","2023-02-13"
"384","The Matrix","Lana","Wachowski","tt0133093","Blu-ray","112","1","741","Fantasy","2001-12-25"
"385","The Prestige","Christopher","Nolan","tt0482571","VHS","86","5","435","Horror","2017-06-07"
"386","The Prestige","Christopher","Nolan","tt0482571","Streaming","126","1","515","Family","1983-01-27"
"387","Pulp Fiction","Quentin","Tarantino","tt0110912","Digital Download","79","3","518","Comedy","2004-12-25"
"388","Fight Club","David","Fincher","tt0137523","VHS","162","2","314","Crime","1992-03-28"
"389","The Shawshank Redemption","Frank","Darabont","tt0111161","Digital Download","201","1","568","Animation","1976-04-30"
"390","The Prestige","Christopher","Nolan","tt0482571","DVD","88","3","741","Animation","1991-10-22"
"391","Interstellar","Christopher","Nolan","tt0816692","Blu-ray","229","3","608","Comedy","1999-07-11"
"392","The Avengers","Joss","Whedon","tt0848228","Streaming","211","1","841","Thriller","1971-07-04"
"393","Interstellar","Christopher","Nolan","tt0816692","DVD","154","1","780","Mystery","1958-12-25"
"394","The Social Network","David","Fincher","tt1285016","Digital Download","192","1","726","Action","1973-07-16"
"395","The Avengers","Joss","Whedon","tt0848228","Digital Download","70","5","852","Family","2014-04-14"
"396","The Lord of the Rings: The Return of the King","Peter","Jackson","tt0167260","DVD","165","3","783","Western","1963-05-04"
"397","Inglourious Basterds","Quentin","Tarantino","tt0361748","Digital Download","152","5","669","Sport","1993-05-10"
"398","The Green Mile","Frank","Darabont","tt0120689","DVD","113","1","824","History","1993-05-02"
"399","The Dark Knight","Christopher","Nolan","tt0468569","VHS","145","3","527","Animation","1961-07-22"
"400","The Prestige","Christopher","Nolan","tt0482571","Streaming","180","3","182","Adventure","1997-10-08"
